hostname_origin;pub_client_id;publish_connect_init;publish_connect_ack;publish_timestamp;publish_qos;hostname_destination;sub_client;arrival_timestamp;e2e_delay
172.20.0.3;pub0;2020-06-20 23:11:32.458416;2020-06-20 23:11:32.532114;2020-06-20 23:11:32.532875;0;172.20.0.3;sub4;2020-06-20 23:11:32.940523;0:00:00.407648
172.20.0.3;pub0;2020-06-20 23:11:32.458416;2020-06-20 23:11:32.532114;2020-06-20 23:11:32.532875;0;172.20.0.3;sub5;2020-06-20 23:11:32.943571;0:00:00.410696
172.20.0.3;pub0;2020-06-20 23:11:32.458416;2020-06-20 23:11:32.532114;2020-06-20 23:11:32.532875;0;172.20.0.3;sub2;2020-06-20 23:11:33.017698;0:00:00.484823
172.20.0.3;pub0;2020-06-20 23:11:32.458416;2020-06-20 23:11:32.532114;2020-06-20 23:11:32.532875;0;172.20.0.3;sub3;2020-06-20 23:11:32.920681;0:00:00.387806
172.20.0.3;pub0;2020-06-20 23:11:32.458416;2020-06-20 23:11:32.532114;2020-06-20 23:11:32.539809;0;172.20.0.3;sub5;2020-06-20 23:11:33.119289;0:00:00.579480
172.20.0.3;pub0;2020-06-20 23:11:32.458416;2020-06-20 23:11:32.532114;2020-06-20 23:11:32.539809;0;172.20.0.3;sub3;2020-06-20 23:11:33.189816;0:00:00.650007
172.20.0.3;pub0;2020-06-20 23:11:32.458416;2020-06-20 23:11:32.532114;2020-06-20 23:11:32.532875;0;172.20.0.3;sub6;2020-06-20 23:11:33.030317;0:00:00.497442
172.20.0.3;pub0;2020-06-20 23:11:32.458416;2020-06-20 23:11:32.532114;2020-06-20 23:11:32.532875;0;172.20.0.3;sub0;2020-06-20 23:11:33.004394;0:00:00.471519
172.20.0.3;pub0;2020-06-20 23:11:32.458416;2020-06-20 23:11:32.532114;2020-06-20 23:11:32.539809;0;172.20.0.3;sub4;2020-06-20 23:11:33.138292;0:00:00.598483
172.20.0.3;pub0;2020-06-20 23:11:32.458416;2020-06-20 23:11:32.532114;2020-06-20 23:11:32.582794;0;172.20.0.3;sub3;2020-06-20 23:11:33.249252;0:00:00.666458
172.20.0.3;pub0;2020-06-20 23:11:32.458416;2020-06-20 23:11:32.532114;2020-06-20 23:11:32.539809;0;172.20.0.3;sub2;2020-06-20 23:11:33.232781;0:00:00.692972
172.20.0.3;pub0;2020-06-20 23:11:32.458416;2020-06-20 23:11:32.532114;2020-06-20 23:11:32.539809;0;172.20.0.3;sub0;2020-06-20 23:11:33.254869;0:00:00.715060
172.20.0.3;pub0;2020-06-20 23:11:32.458416;2020-06-20 23:11:32.532114;2020-06-20 23:11:32.617439;0;172.20.0.3;sub3;2020-06-20 23:11:33.282518;0:00:00.665079
172.20.0.3;pub0;2020-06-20 23:11:32.458416;2020-06-20 23:11:32.532114;2020-06-20 23:11:32.532875;0;172.20.0.3;sub8;2020-06-20 23:11:32.990235;0:00:00.457360
172.20.0.3;pub0;2020-06-20 23:11:32.458416;2020-06-20 23:11:32.532114;2020-06-20 23:11:32.539809;0;172.20.0.3;sub8;2020-06-20 23:11:33.287492;0:00:00.747683
172.20.0.3;pub0;2020-06-20 23:11:32.458416;2020-06-20 23:11:32.532114;2020-06-20 23:11:32.582794;0;172.20.0.3;sub0;2020-06-20 23:11:33.288408;0:00:00.705614
172.20.0.3;pub0;2020-06-20 23:11:32.458416;2020-06-20 23:11:32.532114;2020-06-20 23:11:32.532875;0;172.20.0.3;sub7;2020-06-20 23:11:33.102311;0:00:00.569436
172.20.0.3;pub0;2020-06-20 23:11:32.458416;2020-06-20 23:11:32.532114;2020-06-20 23:11:32.582794;0;172.20.0.3;sub4;2020-06-20 23:11:33.270314;0:00:00.687520
172.20.0.3;pub0;2020-06-20 23:11:32.458416;2020-06-20 23:11:32.532114;2020-06-20 23:11:32.582794;0;172.20.0.3;sub2;2020-06-20 23:11:33.329029;0:00:00.746235
172.20.0.3;pub0;2020-06-20 23:11:32.458416;2020-06-20 23:11:32.532114;2020-06-20 23:11:32.617439;0;172.20.0.3;sub4;2020-06-20 23:11:33.358161;0:00:00.740722
172.20.0.3;pub0;2020-06-20 23:11:32.458416;2020-06-20 23:11:32.532114;2020-06-20 23:11:32.582794;0;172.20.0.3;sub8;2020-06-20 23:11:33.367388;0:00:00.784594
172.20.0.3;pub0;2020-06-20 23:11:32.458416;2020-06-20 23:11:32.532114;2020-06-20 23:11:32.582794;0;172.20.0.3;sub5;2020-06-20 23:11:33.287247;0:00:00.704453
172.20.0.3;pub0;2020-06-20 23:11:32.458416;2020-06-20 23:11:32.532114;2020-06-20 23:11:32.539809;0;172.20.0.3;sub6;2020-06-20 23:11:33.268093;0:00:00.728284
172.20.0.3;pub0;2020-06-20 23:11:32.458416;2020-06-20 23:11:32.532114;2020-06-20 23:11:32.539809;0;172.20.0.3;sub7;2020-06-20 23:11:33.382633;0:00:00.842824
172.20.0.3;pub0;2020-06-20 23:11:32.458416;2020-06-20 23:11:32.532114;2020-06-20 23:11:32.617439;0;172.20.0.3;sub8;2020-06-20 23:11:33.396017;0:00:00.778578
172.20.0.3;pub0;2020-06-20 23:11:32.458416;2020-06-20 23:11:32.532114;2020-06-20 23:11:32.817208;0;172.20.0.3;sub3;2020-06-20 23:11:33.299593;0:00:00.482385
172.20.0.3;pub0;2020-06-20 23:11:32.458416;2020-06-20 23:11:32.532114;2020-06-20 23:11:32.617439;0;172.20.0.3;sub2;2020-06-20 23:11:33.400609;0:00:00.783170
172.20.0.3;pub0;2020-06-20 23:11:32.458416;2020-06-20 23:11:32.532114;2020-06-20 23:11:32.617439;0;172.20.0.3;sub0;2020-06-20 23:11:33.367130;0:00:00.749691
172.20.0.3;pub0;2020-06-20 23:11:32.458416;2020-06-20 23:11:32.532114;2020-06-20 23:11:32.817208;0;172.20.0.3;sub8;2020-06-20 23:11:33.417737;0:00:00.600529
172.20.0.3;pub0;2020-06-20 23:11:32.458416;2020-06-20 23:11:32.532114;2020-06-20 23:11:32.817208;0;172.20.0.3;sub4;2020-06-20 23:11:33.400186;0:00:00.582978
172.20.0.3;pub0;2020-06-20 23:11:32.458416;2020-06-20 23:11:32.532114;2020-06-20 23:11:32.617439;0;172.20.0.3;sub5;2020-06-20 23:11:33.400578;0:00:00.783139
172.20.0.3;pub0;2020-06-20 23:11:32.458416;2020-06-20 23:11:32.532114;2020-06-20 23:11:32.582794;0;172.20.0.3;sub6;2020-06-20 23:11:33.398027;0:00:00.815233
172.20.0.3;pub0;2020-06-20 23:11:32.458416;2020-06-20 23:11:32.532114;2020-06-20 23:11:32.817208;0;172.20.0.3;sub5;2020-06-20 23:11:33.475522;0:00:00.658314
172.20.0.3;pub0;2020-06-20 23:11:32.458416;2020-06-20 23:11:32.532114;2020-06-20 23:11:32.865589;0;172.20.0.3;sub4;2020-06-20 23:11:33.461656;0:00:00.596067
172.20.0.3;pub0;2020-06-20 23:11:32.458416;2020-06-20 23:11:32.532114;2020-06-20 23:11:32.532875;0;172.20.0.3;sub9;2020-06-20 23:11:33.121923;0:00:00.589048
172.20.0.3;pub0;2020-06-20 23:11:32.458416;2020-06-20 23:11:32.532114;2020-06-20 23:11:32.539809;0;172.20.0.3;sub9;2020-06-20 23:11:33.564146;0:00:01.024337
172.20.0.3;pub0;2020-06-20 23:11:32.458416;2020-06-20 23:11:32.532114;2020-06-20 23:11:32.582794;0;172.20.0.3;sub9;2020-06-20 23:11:33.570529;0:00:00.987735
172.20.0.3;pub0;2020-06-20 23:11:32.458416;2020-06-20 23:11:32.532114;2020-06-20 23:11:32.617439;0;172.20.0.3;sub9;2020-06-20 23:11:33.587748;0:00:00.970309
172.20.0.3;pub0;2020-06-20 23:11:32.458416;2020-06-20 23:11:32.532114;2020-06-20 23:11:32.532875;0;172.20.0.3;sub1;2020-06-20 23:11:33.047814;0:00:00.514939
172.20.0.3;pub0;2020-06-20 23:11:32.458416;2020-06-20 23:11:32.532114;2020-06-20 23:11:32.865589;0;172.20.0.3;sub3;2020-06-20 23:11:33.504610;0:00:00.639021
172.20.0.3;pub0;2020-06-20 23:11:32.458416;2020-06-20 23:11:32.532114;2020-06-20 23:11:32.865589;0;172.20.0.3;sub8;2020-06-20 23:11:33.500740;0:00:00.635151
172.20.0.3;pub0;2020-06-20 23:11:32.458416;2020-06-20 23:11:32.532114;2020-06-20 23:11:32.865589;0;172.20.0.3;sub5;2020-06-20 23:11:33.591030;0:00:00.725441
172.20.0.3;pub0;2020-06-20 23:11:32.458416;2020-06-20 23:11:32.532114;2020-06-20 23:11:32.582794;0;172.20.0.3;sub7;2020-06-20 23:11:33.645843;0:00:01.063049
172.20.0.3;pub0;2020-06-20 23:11:32.458416;2020-06-20 23:11:32.532114;2020-06-20 23:11:32.617439;0;172.20.0.3;sub7;2020-06-20 23:11:33.654854;0:00:01.037415
172.20.0.3;pub0;2020-06-20 23:11:32.458416;2020-06-20 23:11:32.532114;2020-06-20 23:11:32.617439;0;172.20.0.3;sub6;2020-06-20 23:11:33.593188;0:00:00.975749
172.20.0.3;pub0;2020-06-20 23:11:32.458416;2020-06-20 23:11:32.532114;2020-06-20 23:11:32.539809;0;172.20.0.3;sub1;2020-06-20 23:11:33.605556;0:00:01.065747
172.20.0.3;pub0;2020-06-20 23:11:32.458416;2020-06-20 23:11:32.532114;2020-06-20 23:11:32.817208;0;172.20.0.3;sub7;2020-06-20 23:11:33.663619;0:00:00.846411
172.20.0.3;pub0;2020-06-20 23:11:32.458416;2020-06-20 23:11:32.532114;2020-06-20 23:11:32.867622;0;172.20.0.3;sub4;2020-06-20 23:11:33.517219;0:00:00.649597
172.20.0.3;pub0;2020-06-20 23:11:32.458416;2020-06-20 23:11:32.532114;2020-06-20 23:11:32.817208;0;172.20.0.3;sub9;2020-06-20 23:11:33.622634;0:00:00.805426
172.20.0.3;pub0;2020-06-20 23:11:32.458416;2020-06-20 23:11:32.532114;2020-06-20 23:11:32.867622;0;172.20.0.3;sub8;2020-06-20 23:11:33.683333;0:00:00.815711
172.20.0.3;pub0;2020-06-20 23:11:32.458416;2020-06-20 23:11:32.532114;2020-06-20 23:11:32.817208;0;172.20.0.3;sub0;2020-06-20 23:11:33.626969;0:00:00.809761
172.20.0.3;pub0;2020-06-20 23:11:32.458416;2020-06-20 23:11:32.532114;2020-06-20 23:11:32.582794;0;172.20.0.3;sub1;2020-06-20 23:11:33.682503;0:00:01.099709
172.20.0.3;pub0;2020-06-20 23:11:32.458416;2020-06-20 23:11:32.532114;2020-06-20 23:11:32.867622;0;172.20.0.3;sub3;2020-06-20 23:11:33.684255;0:00:00.816633
172.20.0.3;pub0;2020-06-20 23:11:32.458416;2020-06-20 23:11:32.532114;2020-06-20 23:11:32.865589;0;172.20.0.3;sub9;2020-06-20 23:11:33.686648;0:00:00.821059
172.20.0.3;pub0;2020-06-20 23:11:32.458416;2020-06-20 23:11:32.532114;2020-06-20 23:11:32.879203;0;172.20.0.3;sub4;2020-06-20 23:11:33.693871;0:00:00.814668
172.20.0.3;pub0;2020-06-20 23:11:32.458416;2020-06-20 23:11:32.532114;2020-06-20 23:11:32.865589;0;172.20.0.3;sub7;2020-06-20 23:11:33.695925;0:00:00.830336
172.20.0.3;pub0;2020-06-20 23:11:32.458416;2020-06-20 23:11:32.532114;2020-06-20 23:11:32.867622;0;172.20.0.3;sub5;2020-06-20 23:11:33.684415;0:00:00.816793
172.20.0.3;pub0;2020-06-20 23:11:32.458416;2020-06-20 23:11:32.532114;2020-06-20 23:11:32.879203;0;172.20.0.3;sub8;2020-06-20 23:11:33.700158;0:00:00.820955
172.20.0.3;pub0;2020-06-20 23:11:32.458416;2020-06-20 23:11:32.532114;2020-06-20 23:11:32.865589;0;172.20.0.3;sub0;2020-06-20 23:11:33.704362;0:00:00.838773
172.20.0.3;pub0;2020-06-20 23:11:32.458416;2020-06-20 23:11:32.532114;2020-06-20 23:11:32.867622;0;172.20.0.3;sub9;2020-06-20 23:11:33.719223;0:00:00.851601
172.20.0.3;pub0;2020-06-20 23:11:32.458416;2020-06-20 23:11:32.532114;2020-06-20 23:11:32.879203;0;172.20.0.3;sub5;2020-06-20 23:11:33.709382;0:00:00.830179
172.20.0.3;pub0;2020-06-20 23:11:32.458416;2020-06-20 23:11:32.532114;2020-06-20 23:11:32.881097;0;172.20.0.3;sub4;2020-06-20 23:11:33.729902;0:00:00.848805
172.20.0.3;pub0;2020-06-20 23:11:32.458416;2020-06-20 23:11:32.532114;2020-06-20 23:11:32.617439;0;172.20.0.3;sub1;2020-06-20 23:11:33.738549;0:00:01.121110
172.20.0.3;pub0;2020-06-20 23:11:32.458416;2020-06-20 23:11:32.532114;2020-06-20 23:11:32.817208;0;172.20.0.3;sub6;2020-06-20 23:11:33.706760;0:00:00.889552
172.20.0.3;pub0;2020-06-20 23:11:32.458416;2020-06-20 23:11:32.532114;2020-06-20 23:11:32.879203;0;172.20.0.3;sub3;2020-06-20 23:11:33.749434;0:00:00.870231
172.20.0.3;pub0;2020-06-20 23:11:32.458416;2020-06-20 23:11:32.532114;2020-06-20 23:11:32.881097;0;172.20.0.3;sub8;2020-06-20 23:11:33.713215;0:00:00.832118
172.20.0.3;pub0;2020-06-20 23:11:32.458416;2020-06-20 23:11:32.532114;2020-06-20 23:11:32.879203;0;172.20.0.3;sub9;2020-06-20 23:11:33.746871;0:00:00.867668
172.20.0.3;pub0;2020-06-20 23:11:32.458416;2020-06-20 23:11:32.532114;2020-06-20 23:11:32.867622;0;172.20.0.3;sub7;2020-06-20 23:11:33.709042;0:00:00.841420
172.20.0.3;pub0;2020-06-20 23:11:32.458416;2020-06-20 23:11:32.532114;2020-06-20 23:11:32.881097;0;172.20.0.3;sub5;2020-06-20 23:11:33.758140;0:00:00.877043
172.20.0.3;pub0;2020-06-20 23:11:32.458416;2020-06-20 23:11:32.532114;2020-06-20 23:11:32.867622;0;172.20.0.3;sub0;2020-06-20 23:11:33.755625;0:00:00.888003
172.20.0.3;pub0;2020-06-20 23:11:32.458416;2020-06-20 23:11:32.532114;2020-06-20 23:11:32.888273;0;172.20.0.3;sub4;2020-06-20 23:11:33.800211;0:00:00.911938
172.20.0.3;pub0;2020-06-20 23:11:32.458416;2020-06-20 23:11:32.532114;2020-06-20 23:11:32.881097;0;172.20.0.3;sub9;2020-06-20 23:11:33.798807;0:00:00.917710
172.20.0.3;pub0;2020-06-20 23:11:32.458416;2020-06-20 23:11:32.532114;2020-06-20 23:11:32.879203;0;172.20.0.3;sub7;2020-06-20 23:11:33.806696;0:00:00.927493
172.20.0.3;pub0;2020-06-20 23:11:32.458416;2020-06-20 23:11:32.532114;2020-06-20 23:11:32.817208;0;172.20.0.3;sub1;2020-06-20 23:11:33.801296;0:00:00.984088
172.20.0.3;pub0;2020-06-20 23:11:32.458416;2020-06-20 23:11:32.532114;2020-06-20 23:11:32.881097;0;172.20.0.3;sub3;2020-06-20 23:11:33.785364;0:00:00.904267
172.20.0.3;pub0;2020-06-20 23:11:32.458416;2020-06-20 23:11:32.532114;2020-06-20 23:11:32.881097;0;172.20.0.3;sub7;2020-06-20 23:11:33.827207;0:00:00.946110
172.20.0.3;pub0;2020-06-20 23:11:32.458416;2020-06-20 23:11:32.532114;2020-06-20 23:11:32.865589;0;172.20.0.3;sub6;2020-06-20 23:11:33.769758;0:00:00.904169
172.20.0.3;pub0;2020-06-20 23:11:32.458416;2020-06-20 23:11:32.532114;2020-06-20 23:11:32.865589;0;172.20.0.3;sub1;2020-06-20 23:11:33.857833;0:00:00.992244
172.20.0.3;pub0;2020-06-20 23:11:32.458416;2020-06-20 23:11:32.532114;2020-06-20 23:11:32.888273;0;172.20.0.3;sub3;2020-06-20 23:11:33.876779;0:00:00.988506
172.20.0.3;pub0;2020-06-20 23:11:32.458416;2020-06-20 23:11:32.532114;2020-06-20 23:11:32.888273;0;172.20.0.3;sub9;2020-06-20 23:11:33.848928;0:00:00.960655
172.20.0.3;pub0;2020-06-20 23:11:32.458416;2020-06-20 23:11:32.532114;2020-06-20 23:11:32.888273;0;172.20.0.3;sub5;2020-06-20 23:11:33.807251;0:00:00.918978
172.20.0.3;pub0;2020-06-20 23:11:32.458416;2020-06-20 23:11:32.532114;2020-06-20 23:11:32.867622;0;172.20.0.3;sub6;2020-06-20 23:11:33.877644;0:00:01.010022
172.20.0.3;pub0;2020-06-20 23:11:32.458416;2020-06-20 23:11:32.532114;2020-06-20 23:11:32.817208;0;172.20.0.3;sub2;2020-06-20 23:11:33.499088;0:00:00.681880
172.20.0.3;pub0;2020-06-20 23:11:32.458416;2020-06-20 23:11:32.532114;2020-06-20 23:11:32.865589;0;172.20.0.3;sub2;2020-06-20 23:11:33.913952;0:00:01.048363
172.20.0.3;pub0;2020-06-20 23:11:32.458416;2020-06-20 23:11:32.532114;2020-06-20 23:11:32.867622;0;172.20.0.3;sub2;2020-06-20 23:11:33.916410;0:00:01.048788
172.20.0.3;pub0;2020-06-20 23:11:32.458416;2020-06-20 23:11:32.532114;2020-06-20 23:11:32.888273;0;172.20.0.3;sub8;2020-06-20 23:11:33.885492;0:00:00.997219
172.20.0.3;pub0;2020-06-20 23:11:32.458416;2020-06-20 23:11:32.532114;2020-06-20 23:11:32.879203;0;172.20.0.3;sub2;2020-06-20 23:11:33.939845;0:00:01.060642
172.20.0.3;pub0;2020-06-20 23:11:32.458416;2020-06-20 23:11:32.532114;2020-06-20 23:11:32.867622;0;172.20.0.3;sub1;2020-06-20 23:11:33.882612;0:00:01.014990
172.20.0.3;pub0;2020-06-20 23:11:32.458416;2020-06-20 23:11:32.532114;2020-06-20 23:11:32.879203;0;172.20.0.3;sub0;2020-06-20 23:11:33.881165;0:00:01.001962
172.20.0.3;pub0;2020-06-20 23:11:32.458416;2020-06-20 23:11:32.532114;2020-06-20 23:11:32.888273;0;172.20.0.3;sub7;2020-06-20 23:11:33.882206;0:00:00.993933
172.20.0.3;pub0;2020-06-20 23:11:32.458416;2020-06-20 23:11:32.532114;2020-06-20 23:11:32.879203;0;172.20.0.3;sub1;2020-06-20 23:11:33.962544;0:00:01.083341
172.20.0.3;pub0;2020-06-20 23:11:32.458416;2020-06-20 23:11:32.532114;2020-06-20 23:11:32.881097;0;172.20.0.3;sub2;2020-06-20 23:11:33.981827;0:00:01.100730
172.20.0.3;pub0;2020-06-20 23:11:32.458416;2020-06-20 23:11:32.532114;2020-06-20 23:11:32.881097;0;172.20.0.3;sub1;2020-06-20 23:11:33.992637;0:00:01.111540
172.20.0.3;pub0;2020-06-20 23:11:32.458416;2020-06-20 23:11:32.532114;2020-06-20 23:11:32.888273;0;172.20.0.3;sub2;2020-06-20 23:11:34.006097;0:00:01.117824
172.20.0.3;pub0;2020-06-20 23:11:32.458416;2020-06-20 23:11:32.532114;2020-06-20 23:11:32.879203;0;172.20.0.3;sub6;2020-06-20 23:11:33.997484;0:00:01.118281
172.20.0.3;pub0;2020-06-20 23:11:32.458416;2020-06-20 23:11:32.532114;2020-06-20 23:11:32.888273;0;172.20.0.3;sub1;2020-06-20 23:11:34.008955;0:00:01.120682
172.20.0.3;pub0;2020-06-20 23:11:32.458416;2020-06-20 23:11:32.532114;2020-06-20 23:11:32.881097;0;172.20.0.3;sub6;2020-06-20 23:11:34.020427;0:00:01.139330
172.20.0.3;pub0;2020-06-20 23:11:32.458416;2020-06-20 23:11:32.532114;2020-06-20 23:11:32.881097;0;172.20.0.3;sub0;2020-06-20 23:11:34.049821;0:00:01.168724
172.20.0.3;pub0;2020-06-20 23:11:32.458416;2020-06-20 23:11:32.532114;2020-06-20 23:11:32.888273;0;172.20.0.3;sub0;2020-06-20 23:11:34.056987;0:00:01.168714
172.20.0.3;pub0;2020-06-20 23:11:32.458416;2020-06-20 23:11:32.532114;2020-06-20 23:11:32.888273;0;172.20.0.3;sub6;2020-06-20 23:11:34.059026;0:00:01.170753
